borrower_id,avg_monthly_income,income_volatility,cvd_residual_variance,liquidity_buffer_weeks,expense_income_ratio,round_trip_count,dormancy_score,weekly_std_ratio,festival_uplift_ratio
01011781-bef7-46cb-be9a-b375660f1a31,12154.33,0.4218,0.7594,0.14,2.91,0,0.7248,0.8261,0.1302
01ff4c73-103d-4010-b24a-093f594e9579,13955.02,0.3832,0.611,0.13,2.8188,0,0.7041,1.0972,0.1152
0260421f-0671-4563-ae06-1e0dbde7aea3,12459.5,0.2927,0.2673,0.1,2.5873,0,0.9767,0.883,0.1145
0277a2ba-e445-4eba-ad38-8d68bececd9c,21369.83,0.4077,1.3514,0.12,2.7786,0,0.9765,0.8711,0.1137
0337948a-656b-477f-9c33-a314b9971253,52680.51,0.1659,0.9525,0.28,1.9035,45,0.985,1.2698,0.0806
036db03c-0eb4-4c71-aa23-d6aa09b86f17,14770.71,0.3954,1.3236,0.14,2.8732,0,0.9756,1.2586,0.0958
03779999-7d06-46cb-b5ae-a7c4e80d25c8,6477.94,0.3871,0.4122,0.17,2.2933,0,0.9791,0.9032,0.1337
038ddebe-1b6c-4e32-b6f5-b1df16a74373,12541.28,0.516,0.9099,0.17,2.9332,0,0.9756,1.1154,0.1702
04b8abbe-c751-4a17-8a12-d58f16e52f6d,12572.86,0.4644,0.4549,0.09,3.1104,0,0.9784,1.4709,0.1173
057d35e8-66d0-4fc1-be9a-32696b4fce00,3621.77,0.4422,0.2338,0.09,3.7385,0,0.9721,1.0263,0.14
06f9c0d4-90a9-4442-8a73-feca446207f1,14754.33,0.4234,0.5237,0.04,2.8701,0,0.9797,0.936,0.104
06f9f01c-ec62-40bc-9feb-5d208f8384be,14802.5,0.393,0.3188,0.16,3.3607,0,0.979,0.9852,0.1092
070f980e-1e23-4fef-ba87-8826c4a4c1b7,19530.21,0.3472,0.4546,0.08,2.944,0,0.9763,0.7521,0.1398
078501db-bc17-47b4-883b-b6473be40936,11612.79,0.4319,1.3141,0.16,2.5734,0,0.9818,0.7089,0.1533
07d514a5-7bc0-4ab3-98b5-6f80c54a36e7,11354.19,0.3709,0.5487,0.14,2.8018,0,0.9789,1.3726,0.1452
086feceb-3e57-485c-a5b7-864b69150939,4004.43,0.3731,0.2801,0.46,2.5585,0,0.9772,0.8894,0.1256
08c35505-42fb-4390-b9d3-891ee8cc9be2,6579.21,0.3693,0.3231,0.09,3.7498,0,0.976,1.2684,0.1522
0929ff05-35e8-44e9-ad77-3840d9cd28d0,4955.81,0.4208,0.2823,0.13,3.0948,0,0.9791,1.586,0.1085
099332a2-9fac-4e42-ad53-cae9a746d114,8069.05,0.6016,1.4836,0.12,3.5912,0,0.9778,0.7797,0.1755
09ebb186-6db5-4840-b312-1fc680295de4,11116.72,0.2822,0.8924,0.11,2.9999,0,0.9776,0.9917,0.1375
0b436e02-308e-40ac-a0d1-830aecac5012,5603.52,0.4921,1.1123,0.08,2.9596,0,0.9805,0.3716,0.1115
0b844b92-ba18-4769-8c24-fc67e8d7bae2,24880.89,0.5079,0.5051,0.04,2.928,1,0.9814,0.8429,0.0864
0b93bc7e-54fe-4eb8-9327-433a926b7cd4,10456.29,0.538,0.272,0.1,3.7635,0,0.9818,1.0206,0.1247
0d23716a-9ea1-4215-8e0c-99d33641295d,7539.77,0.2888,1.1884,0.08,2.8674,0,0.98,0.8848,0.1054
0ea84fe5-e651-412c-87e5-8fbb9f83c9b8,24134.19,0.3874,0.4362,0.13,2.5202,1,0.9841,1.2415,0.0826
0f0f3ee9-74ee-414c-95a6-9a2461733e0c,12748.62,0.3445,0.6802,0.1,3.4286,0,0.9801,1.5714,0.1289
102fc619-2367-4730-a493-ff7277b79829,9986.89,0.492,0.2692,0.08,3.8061,0,1.8193,0.6857,0.1537
10b72286-075d-4258-babe-a45465beae68,5266.38,0.3759,0.2069,0.1,2.8357,0,0.9842,1.0566,0.09
110ed552-67a1-4067-963c-233eecd1c50b,26655.4,0.3161,0.5118,0.16,2.5774,1,0.978,1.1351,0.0934
112857eb-b9dd-45f6-87da-c4c38badde00,10174.11,0.2214,0.2018,0.03,3.4786,0,0.9778,1.1479,0.1078
1169ef15-27f4-4532-9bc8-3ffea2b3b0a0,19535.45,0.338,0.4552,0.06,3.0133,3,0.9769,0.6716,0.1078
119c20ab-3032-464e-be2f-33d7961e7b37,12065.66,0.4205,0.2722,0.1,2.5819,0,0.9801,0.9218,0.1337
11a5812a-b01f-4cbf-b10d-5437cd488c04,13651.49,0.3884,1.4887,0.06,2.6827,0,0.9808,0.9659,0.1057
11da680c-d4d9-4ac7-bf7a-dd88f1ba1cb7,5958.65,0.5982,1.0375,0.13,3.1293,0,0.972,0.8891,0.1848
126700ad-b1e4-4623-8a50-139e8323da76,25422.4,0.3943,0.7243,0.36,1.8042,1,0.9806,1.048,0.1044
127f7151-6cda-40a4-8301-d5f6ac617b94,16348.13,0.3161,0.7921,0.18,3.0584,0,0.7662,0.7955,0.144
1515a51c-1dcd-4d4f-a44d-e907bea7e93b,4683.59,0.4301,0.5962,0.1,3.7495,0,0.9781,0.8203,0.1618
17643d56-7ef9-4d2c-9fb5-58015fafb111,17334.73,0.423,0.7637,0.09,3.1511,0,0.9789,0.5559,0.1011
17a60ce1-c611-4b30-aa9e-1b76bb6c8c71,5522.2,0.4922,0.2755,0.25,3.1543,0,0.9706,1.4259,0.1895
17b1cf36-04d5-485d-81e9-0f17a4504409,15810.14,0.6271,0.7001,0.04,3.1197,1,0.9822,0.6505,0.161
17b88978-87f3-4c6b-a6f9-4bdde435fb73,17911.33,0.6519,0.433,0.61,1.9597,1,0.9758,2.7132,0.097
1899371b-77f5-4af6-81b9-fbe4c8925873,6883.07,0.3677,0.1284,0.07,4.0065,0,0.9811,1.5251,0.1399
191776e2-52cc-4b2a-86f7-9444e0f33b2f,29952.23,0.6568,0.1596,0.68,1.6858,1,0.9766,2.7301,0.1021
19ac396a-3cea-499b-86df-3368fb954053,24866.4,0.3686,0.5034,0.08,2.6036,1,0.9757,1.3668,0.0999
19e52355-fafd-4109-b02d-d9768a8e4411,5871.73,0.4326,0.193,0.13,2.5104,0,0.9846,1.4426,0.1644
19fbb276-983d-46c0-9682-91229b7345c7,22491.11,0.6244,0.177,0.23,2.0272,0,1.27,2.9156,0.1203
1a09d374-9710-48b7-a8ad-9df51fbf8160,8947.49,0.4222,1.8868,0.17,3.0566,0,0.9816,0.8373,0.1906
1a68b2c0-0d98-42a3-9c84-aba54403e3b6,26442.17,0.4184,0.7247,0.1,2.8543,0,0.9787,1.0397,0.1042
1af36bd9-7e12-4271-a970-74ddf1bcf856,8567.26,0.4499,0.3887,0.09,3.3585,0,0.9791,1.1496,0.1355
1be16db0-2ae5-4b66-aaaf-4c2f1bff53f9,2739.83,0.4456,1.0885,0.12,3.634,0,0.9753,0.7195,0.2139
1c95b7e4-f51b-439d-841c-e2c65292568f,36241.2,0.2824,0.9385,2.03,1.5981,34,0.9865,1.0526,0.0833
1e298d4e-e15d-4df1-b078-c269cc11b254,6225.28,0.4103,0.7457,0.1,3.0472,0,0.9778,0.7322,0.1698
1ef4aa61-d805-4264-ab18-a45f2e3b1ad1,14751.63,0.6962,0.6499,0.19,2.5269,2,0.975,4.241,0.1368
1f25456d-58ad-4953-8a8a-8c25f87f7985,12779.6,0.5815,0.5092,0.05,3.144,0,0.9746,1.0611,0.1206
2026efce-c068-492a-b121-c8623027c9d9,9555.58,0.3911,0.6826,0.4,2.2166,0,0.9756,0.6486,0.1401
21c22174-1b81-4027-ae90-ce3d17fb9769,4676.88,0.4664,0.5714,0.29,3.1443,0,0.974,1.052,0.1992
2269c997-e720-466a-b522-1cc39b682ad3,20539.52,0.6652,0.1565,0.61,1.7938,1,0.9771,2.4923,0.0814
22a7adb5-3860-4aa7-a009-fba542ab1455,10471.52,0.2527,0.8314,0.23,2.1935,0,0.9781,1.3497,0.1174
231bbd23-60b5-4d8e-8d66-0d9ac0caff38,6025.41,0.5758,1.4944,0.18,2.6997,0,0.9739,1.0893,0.1427
2465a99b-f4c2-4950-97ce-456bbf96c1c0,19276.48,0.3008,0.3153,0.15,2.5683,0,0.9769,1.1782,0.1144
246ec977-f607-4026-bd90-48937a844b53,5520.18,0.262,0.4637,0.06,2.9812,0,1.8701,1.4721,0.1161
247dc36f-8397-4a9f-91a8-cff5180c0541,15555.26,0.2703,0.6647,0.11,2.9226,0,0.9842,0.9413,0.1328
2492d8f4-e2ae-47e8-8525-acf5d7be14d7,14334.85,0.5803,1.2086,0.07,3.2611,0,0.9828,1.1194,0.13
24be1d5b-cfdc-4c68-90af-64f7edd47a55,19945.55,0.4858,0.9033,0.22,2.8416,2,0.7949,1.3397,0.1277
24cc1fbc-214e-45da-857b-99885b7f6361,21165.76,0.445,0.9134,0.06,3.0326,1,0.9767,0.7414,0.1064
24e9424a-b013-4e9d-a4a6-3268af0b14d3,6765.61,0.3775,0.3203,0.15,2.7255,0,0.9779,0.9348,0.117
25069b34-3e93-4932-ba74-c75aa2e50f89,11894.84,0.3676,0.8867,0.13,3.0151,0,0.9814,1.0775,0.0995
25ac2439-808d-4388-83c1-7bdbceb07955,11995.14,0.4723,0.5321,0.1,3.4668,0,0.9786,1.308,0.1078
25d96e0d-22b2-43c7-a7a8-9867adc108c2,7763.99,0.4746,0.404,0.08,3.0326,0,1.9438,1.3842,0.0818
26532031-605a-4c77-834d-bc2c5d7cbca0,16648.03,0.4611,0.5474,0.11,2.8338,0,0.976,0.6421,0.109
26cde4ce-8a45-44f4-92d7-0ebd0422da63,9087.39,0.3116,0.4063,0.14,2.8911,0,0.9796,1.9174,0.1823
27461016-f235-4180-a1a2-573d3ca12b0f,16134.47,0.3324,0.7785,0.1,2.8189,0,0.9843,0.8548,0.1171
27e02a1a-ba7d-42b2-ad1e-5a0b5273f012,35084.27,0.253,0.6081,0.47,1.7253,37,0.986,0.9219,0.1063
295524a3-b23b-4be3-b72c-3d8d6eb14721,5236.26,0.3013,0.6808,0.14,2.7631,0,0.9789,1.0361,0.0994
2a001c4e-87cb-4a95-9bdf-91a50f50f503,5448.92,0.3511,0.2798,0.21,2.8434,0,0.9739,0.8752,0.1217
2bdce258-724f-4e19-9330-50d05d3c1608,19249.11,0.3901,0.225,0.08,3.1835,1,0.975,0.7138,0.1042
2ccd5bfd-1f7c-4376-b9c4-15755f39302c,14923.91,0.2974,0.3325,0.1,3.1335,0,0.7458,0.9642,0.1301
2d4e731e-154d-46cc-840e-689bb35cabd7,28051.52,0.2614,0.6616,0.44,1.9823,29,0.9643,1.1764,0.149
2d57d390-3fd3-4b8a-a37d-3ad9ea3f74f3,18298.69,0.4068,1.3229,0.12,3.0088,0,0.9847,0.8168,0.1487
2e0665b8-46f2-483f-98bb-761b975bc1b4,6608.19,0.4695,0.3524,0.29,2.6224,0,0.975,0.6855,0.1212
2f42f091-e8f7-40a6-bce0-fc0f35022fce,30265.93,0.7575,0.249,1.18,1.9228,0,1.2627,2.7068,0.075
301fa732-0af3-4dd3-a876-2f3604f6f46f,8285.73,0.3689,0.3354,0.25,2.5799,0,0.974,0.9436,0.1498
307d049b-1c77-4cb1-b6a6-f6abf639ed40,15914.41,0.4334,0.6532,0.18,2.8577,2,0.9727,1.5266,0.1475
30f68dff-fb8b-4eb0-b431-bc869f323993,11265.66,0.3478,0.7412,0.03,2.943,0,0.9775,1.2517,0.105
31815924-1bd2-4af8-aa6a-89e6805d1d6e,5380.43,0.399,0.1761,0.12,3.0883,0,0.9838,0.637,0.0962
3181b4ac-89d5-4d19-b633-4b7e02ce39fe,13079.95,0.5782,1.1729,0.24,2.9784,0,0.9831,0.9658,0.1625
32b492ca-460d-4b47-a7c8-8c5d940722f3,13763.09,0.4057,1.0221,0.05,2.8827,0,0.9774,0.8903,0.0985
34847692-ddff-4081-b891-6f493ab658fe,3129.2,0.4405,0.4923,0.72,2.9604,0,0.9747,0.8015,0.1974
34f35b68-3b85-4551-a8b2-652b021fba22,27131.29,0.2659,0.2043,0.14,2.7125,2,0.9767,0.9349,0.0882
354701b2-d479-4307-a936-aee3f49096d4,6436.41,0.498,1.5611,0.15,3.2635,0,0.7643,1.2214,0.1768
356b5409-7f1c-43df-afd3-579788455668,11893.82,0.3128,0.7977,0.27,2.4753,0,0.9756,1.2705,0.1642
35e37c84-4410-4059-af79-e4ff1ed35d4a,13120.66,0.4118,0.3459,0.07,3.4464,0,0.9792,0.8435,0.1544
36447d75-568f-45ea-ab85-af63eddb79a6,11945.97,0.3219,1.4474,0.09,2.9482,0,0.9766,0.82,0.0887
36f25340-4150-4462-a710-5499bd3d61c6,15016.8,0.4041,1.0408,0.12,3.1808,0,0.9831,1.3078,0.104
3750208a-8220-46ec-90d2-77d0840c63d0,16193.18,0.3332,0.325,0.06,2.5414,0,0.9748,1.241,0.1052
37997178-acbe-4c27-a0dc-f7e3e9802b35,16517.92,0.3012,0.7894,0.07,3.1228,0,0.9799,0.9064,0.0806
37ae5268-eb8a-4717-89b9-fea53e6c8194,7091.44,0.3345,0.2811,0.15,3.4902,0,0.9808,0.8154,0.1206
37daca2f-72ba-423c-953c-6d2d8ff93000,4550.35,0.4829,0.3343,0.15,3.3934,0,0.9784,1.7452,0.1286
3828b554-4fdc-411d-92e6-fe4b62a72cc0,5274.7,0.3485,1.2265,0.17,2.9231,0,0.9781,0.8763,0.1272
39d16b53-098a-472a-bbb2-e09bbcec7c3e,11931.48,0.3843,0.5635,0.08,2.7232,0,0.9792,0.9684,0.0958
3a66fe21-ceb8-4cca-931c-4b43f84dc076,12929.96,0.4883,0.4539,0.19,2.6453,0,0.98,0.9852,0.1431
3aeb9443-f55c-4732-a91d-5e61e779cc6a,8571.98,0.4871,0.3052,0.07,3.8124,0,0.9754,0.8055,0.1453
3b79aeab-43d4-4365-bd8a-cc36e94678b6,9920.17,0.4412,0.3366,0.26,2.429,0,0.98,1.1368,0.1309
3bc4d889-8a48-47d1-9a06-f66a589fff6b,17658.37,0.3072,0.6767,0.08,3.0185,0,0.9773,1.0378,0.1084
3bd934e2-f09a-4698-ad12-c5b0ca9c2720,8652.77,0.3232,1.2742,0.06,3.2656,0,0.972,0.613,0.1617
3c497537-8335-4240-a412-6b99834f5b12,19742.48,0.3176,0.6241,0.17,2.8436,0,0.9735,0.717,0.1261
3c5db0c7-8953-40e0-9ca9-70680f11cc43,13450.97,0.4219,0.2459,0.13,3.1749,0,0.9786,0.6946,0.1479
3ce4a86c-49c1-47d3-994c-2665cb0c290d,7680.33,0.2996,0.7003,0.23,2.7468,0,0.9789,0.9015,0.1047
3d681286-0142-45ef-9287-505ee211565d,12461.29,0.4161,1.2728,0.1,3.2344,0,0.9781,1.0041,0.1145
3e13eac8-8af9-4199-93f5-1c8f382d1aa6,17622.99,0.3327,0.4726,0.07,3.4534,0,0.9774,1.2859,0.1165
3e8e774c-3795-4172-8c98-f7f278279a21,22268.51,0.5793,0.5556,0.08,3.4465,1,1.6176,0.9555,0.1127
3e8edb64-b460-4cbc-b506-4b6e7b0fc6ac,13841.31,0.3164,0.4503,0.13,2.9227,0,0.9738,0.9891,0.1553
3f38f3ce-889e-4573-a49f-8acd3e0f1dbd,14264.87,0.5077,0.3891,0.05,3.3491,0,1.875,0.9844,0.1549
3f477748-fccb-4960-8c80-b3340f64fe67,9975.41,0.4884,0.5555,0.12,3.0004,0,0.976,1.0219,0.1401
3fdd95d5-0c58-498f-8e02-1fe62dd9a560,15793.28,0.5609,0.2729,0.12,2.8606,0,0.9789,0.5644,0.1339
4087c722-59a0-4f35-9913-ee7bc77c8cef,7202.26,0.4343,0.1936,0.09,3.4058,0,0.9838,0.9911,0.1454
4171036d-221b-403e-99b8-28ff9b285557,5957.52,0.3031,1.1603,0.14,3.5921,0,0.9765,0.9932,0.2025
41b25b68-3217-4fa8-af47-6fb24ceb4e1b,17557.68,0.3737,0.9686,0.08,2.9272,1,0.982,1.392,0.146
42207de2-d03f-4681-adf2-584054c91c98,3657.26,0.5771,0.5485,0.09,3.7849,0,0.9721,0.9254,0.1721
4280e04b-4017-498e-88c4-3162a1b07e08,11195.63,0.3491,1.0597,0.13,2.7526,0,0.9746,1.0476,0.1056
42f4566f-3568-4738-b7ac-ce61e343199d,3478.0,0.4163,0.0506,0.19,2.7916,0,0.9698,0.8092,0.1323
43977e41-d26a-499a-ad2f-58a07bc74656,15320.94,0.5676,0.9004,0.34,2.2012,0,0.9803,0.8921,0.1597
439e0655-189d-44c8-b8d1-46720d7d1d51,21608.27,0.953,0.5057,1.6,1.4719,0,1.2705,4.4576,0.0968
43aea4eb-5586-4098-9040-2dead82179f5,20888.04,0.3989,1.2297,0.04,3.7916,1,0.9755,0.9117,0.1178
43c79961-4997-41a9-ba33-9f26d1fdafb9,15149.47,0.395,0.062,0.13,3.0055,0,0.9798,0.8533,0.1378
43e8cefc-5a20-4c0c-807d-e3a33934e05b,23591.6,0.5839,0.1331,0.23,2.6547,0,1.2719,2.3834,0.0968
44a19193-0f70-45d1-a258-e9d8754a99f4,8244.82,0.6345,1.4732,0.1,3.4939,0,0.9847,0.8563,0.1654
45dc7238-0085-4533-9ac8-ffe36881ee3e,4398.76,0.3966,0.7068,0.2,3.2699,0,0.972,1.1675,0.1714
463ba8e8-9c97-42f0-88d5-b770c99ada25,14267.77,0.3405,0.2038,0.17,2.8755,0,0.9767,1.1529,0.153
46f5ca45-54fb-48b4-aa92-923c70720b70,20549.02,0.2328,1.1249,13.57,1.3337,25,0.9712,0.9612,0.1332
47b4ae0f-beab-4bf0-ab59-0172d25b3980,19919.85,0.3703,0.6885,0.13,3.2725,0,0.9771,1.0896,0.1023
48083325-3f88-450f-a9e6-d6c7722295cb,6664.71,0.6541,0.049,0.77,1.9392,0,0.9798,2.5953,0.1438
48f6dc6f-1082-4f6a-8fd4-2b4992eeae75,26228.86,0.3656,0.0676,0.12,2.6345,2,0.9752,1.0786,0.098
4a069f51-a52e-488c-acec-c9989bd77632,8494.5,0.5451,0.6355,0.15,3.0178,0,0.5911,0.9387,0.159
4a672904-d9bc-40b0-b7dd-55dede4eb41d,14761.3,0.4913,0.5837,0.16,2.6864,0,0.6167,1.0353,0.1632
4a9c141f-1426-4f99-bf40-63de7a6ae073,11038.61,0.4416,0.4334,0.33,2.3128,0,0.9781,2.2886,0.1346
4aa034ef-00fd-41e9-8757-a8b56d93420f,33580.83,0.7904,0.1431,0.94,1.9497,0,1.2681,3.4979,0.0645
4b25ce36-53ee-4fa2-a448-bdebcf054eb8,15516.85,0.321,0.1342,0.11,2.9803,1,0.9846,0.8188,0.1719
4c39bf35-740a-46ed-8a2d-15111653be4b,5897.89,0.3359,0.2049,0.06,3.0721,0,0.9775,1.3506,0.0828
4c6e02d1-6b86-4be2-8c2d-332c6e2e7f8d,32224.12,0.7345,0.7372,1.78,1.4465,2,0.9757,4.4385,0.0823
4c739fcb-5e7f-4545-a88e-8b4a3a60ff8b,16456.49,0.4342,0.7443,0.18,2.8375,0,0.9788,1.2635,0.1082
4ca6ad75-7d16-411f-b539-59a9fa220d5c,6848.05,0.3394,1.0841,0.17,3.1749,0,0.9849,1.162,0.1307
4d03a2f9-17ec-45f6-af85-d2a1ad94aac3,13579.29,0.4564,0.4953,0.1,3.1705,0,0.9831,1.318,0.1152
4d22eb00-5c38-48ce-8b2c-c8ddb281f5b4,11153.74,0.3649,0.3837,0.04,2.8098,0,0.9843,1.0449,0.1038
4dc83ebf-e5ce-4dad-8cc5-0a6c13feb238,27830.9,0.4167,1.3685,0.11,2.6111,0,0.9757,0.5399,0.1006
4df3b2e0-2618-41b0-965c-d0701df28267,6232.55,0.4788,0.1964,0.09,2.5533,0,0.972,1.5276,0.1724
4e024b07-7f20-4da3-86e8-caf808df2ca2,23446.19,0.3278,0.4108,0.08,3.1311,3,0.9816,1.0026,0.1085
4e29f7f2-d1f2-45e9-b73d-20e0062dc2bb,5571.37,0.4224,0.8064,0.21,3.1565,0,0.9806,0.4977,0.1611
4e58a86e-6d9e-4cf1-b494-aa522ba7bd1f,34572.34,0.216,0.4298,3.43,1.4941,33,0.9739,1.2452,0.1045
4ef5dc68-d992-45a3-8298-16cc3a11ab5a,21841.11,0.406,0.7405,0.18,2.6933,0,0.9758,1.0862,0.1194
4f01f28c-774b-4bf0-9492-fa70480e4a00,10210.91,0.5768,0.7952,0.22,3.1932,0,0.9733,0.9793,0.1712
50da7fd8-b518-4877-8f82-d12d8cf01ae5,11227.72,0.3812,0.6012,0.04,3.2167,0,0.9811,1.2521,0.1459
514878d4-c30a-4a74-9225-413038c32361,17258.0,0.3354,1.0035,0.1,2.9525,0,0.981,0.5847,0.1017
522ee6e0-8fa4-445a-9745-929d6b0643bb,3491.16,0.4584,0.5717,0.08,3.2253,0,0.9756,0.9742,0.1508
5254394e-362d-4d99-873f-28b9c21e78d5,9250.39,0.3244,0.4606,0.03,3.728,0,0.9801,1.2543,0.097
529423de-3e41-4e33-be50-469def0508b2,9811.32,0.4532,0.966,0.09,3.2416,0,0.9809,0.6834,0.1265
52964467-b328-428a-a209-59cbb0366833,5341.36,0.3473,0.7683,0.13,3.4359,0,0.9735,1.0717,0.1067
52c9163b-60e7-490c-9d35-58d0be954e8b,10595.92,0.4962,0.7517,0.41,2.7466,0,0.971,1.3745,0.1536
52eb43d4-6c44-4a87-951a-d04a8c5aaa27,16073.69,0.5559,1.3953,0.09,2.733,0,0.9801,0.8399,0.1549
5300a8e8-dbd3-419a-bb90-ae2ac166d61e,16908.13,0.3873,0.182,0.04,2.8723,1,0.9841,0.8177,0.1221
53198c23-7896-47bc-a791-8ba816c45c4e,5573.64,0.5375,0.239,0.17,2.8488,0,0.9834,0.7629,0.1442
53407fa2-86a9-4455-b4b8-c597f24ed601,13902.33,0.4647,1.0336,0.1,2.8842,0,0.9772,0.94,0.098
53835af8-8961-4819-898d-445f326c63a6,11063.31,0.3849,0.9173,0.14,2.511,0,0.7682,0.9632,0.0926
54e6a195-e647-4a45-a3aa-8310bd021776,27253.69,0.8058,0.4428,2.74,1.4638,0,1.273,3.4427,0.071
551ea4bc-ee85-49b2-a7bf-e7fc1d47f9fc,16644.15,1.3114,0.7214,5.93,1.1205,0,1.2669,6.6373,0.061
571db021-ae3c-4e09-b252-c07a3ca0880c,8502.98,0.3331,0.6005,0.22,2.5183,0,0.9739,1.7161,0.1638
5791d500-2d7c-4d23-94f1-cda7a973cfc1,17299.08,0.4118,0.902,0.08,3.2214,3,0.9844,0.9458,0.1548
57a2af2d-a4a2-4851-928e-428a492912bf,8424.35,0.5351,0.2645,0.09,3.1719,0,0.9789,0.9233,0.1352
57c8841c-8efb-4a27-92dd-f8486f8c02f0,21379.27,0.7085,0.4357,0.01,3.2375,0,1.7775,2.5024,0.0701
59498fb6-6ef0-471d-9f87-10b7f4c8a7e9,13805.87,0.348,0.4452,0.12,2.2881,0,1.7225,1.5979,0.1401
59529ac9-e799-4c01-a6c2-49e00b9b2247,14996.67,0.3701,0.1365,0.11,2.8424,0,0.9812,0.77,0.12
59665679-1a90-4a0f-a0aa-713e00a6873f,20887.61,0.4814,0.6636,0.05,2.7869,0,0.9797,0.4002,0.0855
59ac2640-e099-4b67-b783-975c739505cb,12383.58,0.4445,0.2432,0.14,3.4758,0,0.9739,0.9167,0.135
59add8bb-2423-400b-8ed8-23bfdce9af6c,39577.19,0.1976,0.2608,0.36,1.9479,39,0.9796,0.7875,0.1042
5a39d9f5-d4fd-464f-812e-01c9e7586eec,13863.36,0.3542,0.9451,0.17,2.8105,0,0.9787,0.7905,0.0985
5a414089-e6f6-4c3f-910c-b9059bba364c,7978.77,0.569,0.5441,0.16,3.1008,0,1.7812,1.8705,0.0844
5bd0095b-e105-43db-8686-2f55251d0079,18117.18,0.4559,0.6754,0.28,2.2812,0,0.9794,0.6403,0.1334
5c88723f-ba64-4e2d-93e8-e9f14b6ad85f,14815.25,0.5071,0.944,0.04,2.8892,0,0.9826,1.2693,0.098
5ca18726-1e4d-49b9-a3b0-4f750cf054e2,18711.31,0.2056,0.9473,0.12,2.9214,0,0.9795,1.2518,0.0938
5e0deeb3-64a5-4769-a156-9fc14a505be9,4520.34,0.5016,0.3461,0.13,3.2927,0,0.9767,0.9524,0.1489
5e5d36a7-ceee-4c80-b2bf-82fd55730b20,18900.45,0.3884,0.3939,0.13,3.0599,1,0.9839,0.9626,0.1246
5e69e1d9-f7b8-4ca5-b1da-df6532aeedab,21179.18,0.4,0.3495,0.17,2.7049,0,0.9822,0.8138,0.0828
5f27f673-1655-416d-a959-3ccc2bfa961d,18621.1,0.3205,0.3358,0.15,2.4671,0,0.975,0.9532,0.141
5f5bd076-1fff-407e-885b-0c3cfb84a812,8110.46,0.3497,1.0815,0.18,2.3989,0,0.9746,0.7289,0.0961
5fe7dc04-6bee-4276-b4cc-867be0df1046,7739.6,0.5072,0.2838,0.19,3.7013,0,0.9849,1.5291,0.2335
5fe9b218-d235-4077-ba95-09f6efea4a95,34114.18,0.1766,0.1166,15.85,1.2497,41,0.9823,1.0132,0.0928
602e53c7-9ebb-48f2-850e-040a588fadb8,16031.9,0.372,0.8741,0.25,2.2062,0,0.9727,0.7145,0.146
60597214-5cd7-4492-93c7-9e46593dad0a,10953.53,0.3534,0.8524,0.14,3.1914,0,0.9773,0.9956,0.1094
60a2151a-9d5a-44f5-8faf-f3fd4c3f374a,19762.47,0.3626,0.4077,0.04,2.9234,0,0.9777,1.0664,0.094
60e39797-5a7a-4f09-bc42-b5000ba6a932,13918.54,0.4957,0.5884,0.18,2.9225,0,0.9733,1.0421,0.1443
612cceb2-259d-4a76-9b48-926a844ec36e,6896.04,0.3843,0.801,0.1,3.057,0,0.9803,1.0653,0.1714
6199fe39-4e44-4290-8b6b-42e6c9a759af,17764.91,0.4824,0.5827,0.12,2.7161,0,0.9765,1.0211,0.1069
61a7955a-ba98-446c-8fa7-045e18a6bfa7,10072.64,0.4455,0.1004,0.19,3.0172,0,0.9743,0.6259,0.1202
625a94e5-89fa-4799-8ff6-704074714546,20918.46,0.3628,0.1865,0.17,2.5725,0,0.9775,1.1719,0.0788
6261f280-f9d5-4690-a7de-06bbd88add27,10002.67,0.6226,0.9995,0.22,2.5684,0,0.9706,0.7532,0.2107
62695890-e07d-4a4f-ab6a-f667d8fd96ad,15839.56,0.4515,0.4649,0.08,3.0532,0,0.9759,0.7429,0.1391
632522cf-b0d0-46b6-a6e8-81c326045153,7421.58,0.3232,0.6079,0.12,2.7413,0,0.9781,1.4361,0.1173
632828be-1f70-4ef7-88c6-45587bf98143,16329.69,0.3884,0.8099,0.08,3.3149,0,0.9818,1.3166,0.1401
63a9b0da-7716-4dd7-804c-9e5fd0502e32,17455.14,0.4553,0.7936,0.09,2.9195,1,0.9789,0.8769,0.1006
64c1f621-9f94-4fe3-9d7a-60cafe9b50ba,6079.31,0.408,0.7766,0.08,3.193,0,0.9795,0.9736,0.0984
654e53d5-a1c9-4859-ba45-3cd3f83bcfa3,8915.33,0.3507,0.3936,0.14,2.92,0,0.9835,1.1871,0.0901
659c51d9-b257-4b8e-b7b4-427f59ace8e5,9682.65,0.3421,0.6219,0.07,2.9657,0,0.9838,1.2725,0.1419
65a66e1a-e79f-4e38-b38c-867e11bf84b4,27513.5,0.2332,0.3317,7.12,1.4667,35,0.9849,0.971,0.1162
65a76269-1a75-48a8-940a-fde2df069d40,10673.6,0.4289,0.193,0.07,2.9738,0,0.975,1.0784,0.1143
65db8691-2dc0-4ff2-ae5a-cc38cfd80821,14892.6,0.4285,0.4398,0.09,2.6043,0,0.9811,0.4091,0.1134
65e9f1df-4fca-466b-aa65-edebebc456d3,5761.65,0.436,0.9957,0.15,3.0804,0,0.9792,1.0791,0.1378
66316f03-9c98-4c64-bd2d-c14d0b097978,5734.2,0.2762,0.8134,0.12,3.1764,0,0.9774,0.6669,0.1164
66590b3a-f46e-47f2-ae21-67d914da2256,38573.83,0.2636,0.2508,0.43,1.835,33,0.9506,0.8197,0.0914
6665120a-b65a-428b-a556-798fffd7e00c,13770.21,0.6658,0.4738,0.31,2.7591,1,0.9752,2.9167,0.1082
6680612b-5848-44b7-bfe3-35e78bf5d08f,6508.71,0.343,0.1824,0.14,2.6541,0,0.9773,1.1728,0.107
6685ac48-1e83-4757-89b8-decdf3927ade,22828.48,0.453,1.1514,0.03,2.6663,0,0.9766,0.9696,0.099
66965d48-6b35-42e5-a2b7-101513bf3b65,12771.14,0.4216,0.4732,0.03,3.3127,0,0.9796,1.0714,0.1246
67726fe9-023e-475e-89c2-5c85d9f53bd3,10207.38,0.5029,0.7461,0.47,2.218,0,1.635,0.783,0.1408
6825f0ed-b4e6-4e87-bb63-2df132948049,5133.92,0.5947,1.1519,0.09,3.2533,0,0.9796,0.8941,0.172
682958b3-a374-4cbf-9b3e-86ae5dbf86be,12908.9,0.2894,1.3559,0.08,2.5605,0,0.9741,0.5604,0.1355
692cff0b-2dd5-4328-90dd-ac8c10c0e97e,20652.14,0.2478,0.5547,0.09,3.0735,0,0.983,0.9511,0.1125
6a319775-d9dc-4cf1-8169-cb30475c588e,15119.46,0.5918,1.0692,0.23,2.6036,0,0.9753,0.7811,0.1562
6a546843-509d-4869-90b3-cacad0bd6c7a,14231.15,0.4678,0.2615,0.1,2.5841,0,0.9834,0.83,0.0983
6b4b674d-23e4-48a3-8a3a-f51be39db4a3,18139.08,0.3933,0.8847,0.03,3.5997,0,0.9787,1.1157,0.1265
6b54ef4e-4764-43bc-8267-31be6611bc82,10507.95,0.7282,0.1104,0.5,2.0411,0,0.9817,3.5965,0.1076
6cf57a23-5fcd-474d-8de1-68f8d0227812,11967.79,0.4066,0.9542,0.2,2.8713,0,0.9783,2.4182,0.1307
6d0eb15d-2cbd-44d4-8bb4-cd15e9b048b2,11615.15,0.4819,0.6933,0.11,2.815,0,0.9756,0.6491,0.165
6dcb5191-0c98-4f43-b2c3-066fff20ed4e,19987.9,0.7336,0.0417,0.6,2.1901,3,0.978,4.2401,0.1703
6e211f9f-d2f2-43c6-95db-eb89fefd0190,14938.86,0.3807,0.8073,0.01,3.1051,0,0.9796,0.6356,0.1364
6e401a84-f898-4b80-8bfa-8c5e7ed304e1,15268.54,0.3132,0.6598,0.23,2.6378,0,0.9801,0.4326,0.1716
6e6c7d01-3bbf-4741-a43b-29f4838c72ac,4181.72,0.3798,0.2259,0.07,3.5304,0,0.9797,0.8559,0.1166
6e8185fd-fa0d-4b20-837e-ce84e78cd9f3,15367.15,0.384,0.6699,0.14,2.7316,0,0.9745,1.6347,0.1294
6ef1b007-2704-4c64-8795-05c69b6832ce,12857.73,0.4767,0.7945,0.16,2.4435,0,0.9851,0.9922,0.1387
6f6ed4c8-c8e1-4c5e-80fa-630fe8514fe4,12327.3,0.4483,1.027,0.12,2.8889,0,0.9812,0.7494,0.1622
6fcf54b6-6f17-4d6b-a48a-c3e3abaa7833,10244.96,0.2955,0.6405,0.08,2.8518,0,0.9808,0.828,0.1055
70455c21-b7a0-4e7f-a352-69e5c7455ce7,19468.77,0.3154,0.0451,0.06,3.4299,0,0.9786,1.2372,0.0858
710a57b8-8469-4ef0-b49e-503635b51127,18134.91,0.2627,0.8829,0.09,2.6058,0,0.9738,1.2494,0.1404
7114807f-408d-411b-a7ce-22427a41c3fb,4881.44,0.3264,0.6651,0.11,3.5976,0,0.9773,1.3439,0.199
7144c7d4-5d20-4fdd-bcf3-98d271cee98f,24729.67,0.4147,0.2577,0.1,2.7273,2,0.9778,1.3058,0.0885
71e692da-2489-40ea-8438-4c0a27d1fe59,7136.7,0.4963,0.4681,0.18,2.949,0,0.9787,0.996,0.1177
71f4cbf1-68e1-4caf-b80b-1a391aa47cfb,5993.44,0.4346,0.1746,0.13,3.1109,0,0.9821,1.8616,0.0946
7291482b-92d5-475f-b523-0c9bd87b4c50,10261.82,0.359,0.3917,0.1,2.8392,0,0.9765,0.8229,0.1046
72ec5a54-e7d6-4568-9faa-e9b6ef5b1d0e,2877.38,0.376,0.9199,0.46,3.3095,0,0.9796,1.5032,0.2287
73389cc4-4c00-4886-85de-ab0bf3eee3ae,3827.54,0.4747,0.4181,0.24,3.3109,0,0.7409,1.3483,0.1874
73a5bb57-c8b4-45d4-a8b7-c5989c891d7d,9872.72,0.5199,0.6289,0.08,3.0408,0,0.9805,0.6536,0.13
74e05a76-2465-4ec3-8ee5-50821329b778,10332.81,0.3771,0.6119,0.1,3.2603,0,0.9808,1.3556,0.1407
7554d79e-aa7a-43d5-9609-cf8c0a4fa252,18949.26,0.3345,0.8369,0.06,2.736,0,0.9806,0.8163,0.1069
75625cfc-98b7-442c-a76b-3822c146e739,16596.18,0.438,0.2557,0.04,3.3728,0,0.9799,0.7604,0.1317
756ee311-dc1a-4560-9a56-5d6cb1a18cb9,8415.36,0.5089,0.9247,0.12,3.013,0,0.975,0.9102,0.1329
764ed0c1-4b5e-4a56-8bef-12c869d645ab,12262.12,0.4026,0.2912,0.14,2.9626,0,0.9769,0.8885,0.121
769e5c0a-dd84-4951-b3aa-70b4c130cd1b,27521.15,0.2747,1.3901,0.93,1.8142,25,0.9891,0.9001,0.146
76b8c363-d249-4758-af86-8a2299e9943f,13028.51,1.3646,0.6193,4.24,1.2479,0,1.2611,6.5416,0.0974
7709849c-2536-4b78-a2d9-49d01cc37590,11701.2,0.4453,0.3696,0.13,2.9938,0,0.9831,1.0354,0.1053
77184f9c-fad4-43c5-a4ce-524b40da7b81,16963.13,0.4735,0.648,0.08,3.1266,0,0.9764,0.9889,0.1265
774ce19a-7f9e-49e1-b5fd-f3c4e5462493,12723.02,0.2496,0.9229,0.18,2.9412,0,0.9798,0.9951,0.1127
77936bf8-79a2-4afe-b9e6-0514116225c8,3532.22,0.5678,0.897,0.36,2.8739,0,0.6914,0.8699,0.1827
7799f4eb-a039-4770-b3a7-14c86b059e96,13535.98,0.3203,0.2325,0.08,2.5646,0,0.9841,0.7954,0.1055
783ec5d1-4cfe-447d-a002-c3b0935dd282,20328.56,0.3979,0.6532,0.05,2.9088,0,0.9821,0.9073,0.0896
7a24735b-dd3e-4d57-8b22-2d4bc3adc4b5,6293.02,0.4638,0.2975,0.07,3.1546,0,0.982,0.6348,0.1492
7ae255e1-600c-43da-948d-0ba022166b91,12051.58,0.4333,1.4543,0.24,2.8125,0,0.9787,1.303,0.1588
7d60b6ac-0f2f-4e06-9c89-db11752fe6ca,5232.44,0.439,0.0452,0.12,3.1072,0,0.983,0.7622,0.1687
7dea43df-1074-4f3d-9861-3f2f6c39f4f1,13003.52,0.3458,0.787,0.1,2.9853,0,0.9821,0.8348,0.1162
7e947d04-9c15-4061-97bb-9fafa8cb175d,13419.71,0.4384,0.5302,0.13,2.7797,0,0.9829,0.6664,0.1261
7fcf2850-cdd7-453b-917e-302e1db209d3,15661.35,0.3106,2.0314,0.07,2.9477,0,0.9766,0.9292,0.1153
7fcf35d8-4541-4cfc-9169-44463801034d,6687.14,0.3468,0.3969,0.05,3.3536,0,0.9809,1.0567,0.1245
802c9882-e701-4def-bc65-5088b6d49312,2918.96,0.6086,1.601,0.06,4.0473,0,0.9756,0.7716,0.2182
80ca47de-40c7-4c3c-9c73-91edd7548b24,8661.33,0.291,0.9313,0.03,3.7725,0,0.9826,1.0706,0.1345
816c61db-b33f-43af-888b-4ae267c6f6fd,13321.96,0.5924,1.0344,0.03,3.6209,0,0.9772,1.1235,0.1237
81972895-e9e9-45ac-8045-8731cc00efd8,15851.26,0.169,1.3553,0.06,3.2817,0,0.9774,1.1336,0.0928
81c1df1c-ba0f-439c-bd26-69ebb19960f6,10019.91,0.4086,0.474,0.13,2.8767,0,0.98,0.7034,0.1177
83617b79-c822-45df-bd1a-cfdad2b8b172,12802.03,0.5888,0.1866,0.03,2.9658,0,1.9397,1.2251,0.08
842ea159-be25-4f5b-9858-ab1389e27b68,5834.62,0.3694,0.447,0.14,3.1918,0,0.9774,1.8816,0.1263
856873a3-c8b2-4343-85cc-a624d8f8e1e3,37049.46,0.2017,0.9085,7.27,1.3738,36,0.9752,0.8749,0.0908
865fe6af-db5c-47f3-9810-5871a58d141a,9742.18,0.4663,0.8008,0.04,3.6207,0,0.982,0.6398,0.2271
86719ec1-18ea-4b6d-a804-8b348b66593f,13446.67,0.5155,0.5131,0.13,3.1758,0,1.8344,1.2134,0.1012
8695feee-30da-486b-b235-2d93f468ac3d,17497.16,0.3969,0.0693,0.08,2.4686,0,1.8649,1.0823,0.1207
86a67ee6-7540-4d3a-a921-876c7c310599,14088.83,1.2682,0.7641,2.23,1.5745,0,1.2702,5.3644,0.1365
86c98d52-ff4b-4e1a-b3cf-7df64abc9324,10980.13,0.6625,0.9612,0.15,3.1105,0,0.9814,1.2679,0.1869
8742050e-7200-42f7-830f-c337deac9a82,10006.72,0.4449,0.8327,0.19,2.8006,0,0.9851,1.2158,0.148
87641345-4a6d-495d-8dca-ad7a67c00a84,15837.42,0.4066,0.614,0.17,2.6332,0,0.9798,1.6697,0.1523
87c18ae1-a1bd-4acd-88f8-9f36f5f0c53f,17286.25,0.445,1.184,0.08,2.852,1,0.9826,1.4937,0.1466
87e40ef2-28bb-46cf-a554-8bb0f6bf8d10,10324.08,0.4284,0.579,0.18,2.9469,0,0.9789,0.7803,0.1319
88217b39-1b51-4ec1-8b4a-267d42433809,13098.64,0.2907,1.2977,0.09,3.1776,0,0.9786,1.0142,0.1208
88376afd-c9fa-46fb-826a-a6763c471766,10404.6,0.413,0.2318,0.12,2.8488,0,0.9854,0.8463,0.145
8850cffa-4c6c-441c-8b18-5b7137d969cd,14019.4,0.3961,0.7596,0.06,4.0139,1,0.9801,1.1354,0.1531
88841a88-afb6-4f66-8d22-434acf2e4602,7339.66,0.4472,0.4894,0.07,3.2617,0,0.9825,0.813,0.0991
88bb1893-4f47-47d3-b57d-c3f347a76fa2,16269.19,0.3954,0.3483,0.11,3.3026,0,0.9835,0.8957,0.104
88d81f99-4fe8-4d57-bd10-e3dfc8b51324,16869.73,0.4629,0.2977,0.23,2.6213,0,1.9596,1.1312,0.0818
89689b97-39af-4ce5-a509-fc2939be3406,16459.59,0.3948,1.1439,0.07,2.7397,0,0.9766,1.0486,0.1134
89d184e2-2bd4-4a19-86da-a0eca777c628,9981.96,0.4721,1.5295,0.15,2.6231,0,0.9789,0.7881,0.1265
89f99170-774c-467a-b246-6882505104ad,24562.24,0.4137,1.3963,0.08,2.8723,1,0.9771,1.2386,0.1055
8a15717b-799d-495c-ac04-6679776f67c1,6595.52,0.3167,0.52,0.17,3.3027,0,0.9762,0.9806,0.1034
8a5565a5-73b3-4e9d-a3cb-fd788ed09ccd,15113.15,0.3254,0.642,0.09,2.985,0,0.9849,1.041,0.1391
8aac942d-8587-4c37-80af-6b69a6047514,13548.44,0.4681,1.037,0.05,3.0463,0,0.9771,0.9153,0.1224
8af50a9d-51b5-4b7c-9f1d-1f7f7a63fcc4,12074.37,0.3276,0.4261,0.01,3.2833,0,0.9801,0.8982,0.0857
8b948baa-825a-498b-b403-4a1cb8534c29,7452.57,0.5076,0.3403,0.16,3.8565,0,0.9801,0.7651,0.1187
8bc2baf1-8d74-447f-a2e4-b21bc08a7ee9,4532.73,0.4468,0.2938,0.16,3.4018,0,0.9814,1.2966,0.1949
8d6e7949-3e1a-40c4-a1fb-aaf7ef317fb6,12890.04,0.3035,0.1036,0.09,3.2322,0,0.9745,1.3318,0.1541
8e65eab0-93e4-48b8-a437-3a4c906fc8fa,13476.94,0.3768,0.1089,0.16,3.2754,0,0.9828,0.86,0.1461
8f82b738-ffad-4008-a410-73613737ce74,23014.35,0.9146,0.4137,5.17,1.118,0,1.2707,5.5148,0.0721
8f8a070b-a05c-4041-b0ba-5b7117e39a93,6314.48,0.4611,0.6025,0.11,3.5343,0,0.978,0.8835,0.2012
8f8a78ff-4424-4d5b-a074-0e6c741d8cb9,24111.85,0.7784,0.9502,1.34,1.7153,0,1.2637,3.3699,0.0786
906d6e3f-b9b8-4027-a8a2-c1729fb16e98,26588.11,0.6976,0.4324,0.95,1.6648,0,1.2712,3.4242,0.0934
906d9ec2-7b1f-462b-98e5-05f7905b593c,17324.11,0.2958,0.8459,0.08,2.8837,0,0.9803,0.8268,0.109
9090bf98-eff6-4a84-8f60-497f239597ad,14258.73,0.3262,0.1631,0.19,2.6215,0,0.9753,1.0093,0.1287
90af893f-b0aa-44db-8c99-15f1e2c190a5,10596.67,0.3669,1.0478,0.16,2.6053,0,0.9812,0.6923,0.1619
90e3d9ef-1048-4166-818c-c2819e211f68,31393.97,0.3404,0.555,0.44,1.8431,23,0.952,0.7841,0.1586
91bef927-3711-4926-ae3b-2dd020b043df,12303.25,0.3626,0.7342,0.07,4.0403,0,0.9764,0.8097,0.1233
924dce35-0e89-4093-a033-31ff09e5cd40,5044.44,0.4622,0.2656,0.23,3.1153,0,0.9849,0.8324,0.1218
927ecc7e-2ee5-48b9-a95c-7c5854bcb58c,16003.07,0.5367,0.0658,0.4,2.0664,0,0.9754,2.4328,0.118
92fae221-1686-4c2b-8f2a-bf47189fc404,12032.71,0.4866,0.3277,0.08,2.7236,0,0.9849,1.2188,0.1574
93bb1edd-97fd-40d5-8e2d-4f13ee1fd4c2,8068.12,0.8279,0.1918,0.55,2.1195,0,0.9775,2.253,0.0648
93ca6738-e85c-4e09-8f19-13d2401c800f,8090.24,0.4048,0.2623,0.21,3.216,0,0.974,1.1116,0.1772
95b07084-8c77-436e-8a33-a1dfc6e216e9,5190.03,0.4775,0.2563,0.04,3.3435,0,0.9848,1.0566,0.1054
95d43d99-bec7-41df-8656-27fa6e2301a1,9227.65,0.3011,0.2814,0.17,2.7544,0,0.9811,0.7575,0.1089
95edff59-1887-4cf6-b71d-857f497bed77,4299.62,0.4313,0.3126,0.27,2.9946,0,0.9831,0.7648,0.1405
96445c6f-3ca2-4a0f-898e-270efd69f112,14005.73,0.3178,0.9579,0.09,2.6228,0,0.9824,1.2325,0.1075
964f3055-f9c5-4916-8a81-ca994eb2cb9f,31890.05,0.1894,0.2923,8.27,1.4293,39,0.9797,1.0593,0.0981
977e6cd1-7ec8-40f0-b15c-46ef6ea7f508,5449.37,0.3839,0.2533,0.03,3.43,0,0.9779,0.9097,0.1229
97a4f991-e237-4dff-8ae5-ff63573ca85c,25114.16,0.8067,0.6427,1.16,2.0366,1,0.9831,3.8282,0.154
98b5813a-4326-4a47-b162-584b66246aff,9690.67,0.2646,0.4425,0.13,2.9461,0,0.9804,0.852,0.1213
996ea136-334a-4fd8-beb2-ca150ca85e0b,8835.6,0.3609,0.3619,0.11,3.4971,0,0.9852,1.083,0.1817
9a6c451d-68bb-4423-9db7-a3333422341b,9581.82,0.3316,0.5642,0.19,3.1567,0,0.9804,0.9943,0.1557
9b6e9466-d696-47cb-a0a2-960833a3baa3,18849.53,0.4622,0.7341,0.06,3.5191,0,0.9824,0.7949,0.1423
9bcef2a6-ee5f-4317-9865-b010225e20e0,8876.28,0.3155,0.5117,0.1,2.8815,0,0.9759,1.0965,0.0822
9cab091d-e31a-4c7f-aabe-d64a404a763f,10095.4,0.4539,0.6859,0.11,3.5036,0,0.9813,0.9308,0.1001
9cb57d26-4c4a-439e-a69c-10eaf3f6ce20,15222.52,0.2596,0.2779,0.1,2.9973,0,0.9818,0.8688,0.1021
9de7fdb1-ab9a-4665-bbb1-3250e7be09f8,11839.65,0.2036,0.3077,0.15,3.0557,0,0.9745,0.852,0.1576
9f6da7d4-ab2c-4e2a-a0a8-6533d06c89ca,12582.17,0.3752,0.5096,0.21,2.5683,0,0.8155,1.1144,0.1114
a1c035ce-96eb-4791-87bd-251dbaf20f13,15796.99,0.5018,0.265,0.16,3.0532,0,0.9724,1.3007,0.0967
a2a73869-58be-4c6e-9fcb-d1c5b8127f44,9563.32,0.3665,0.5569,0.21,2.7161,0,0.9789,0.5324,0.1135
a329e998-5951-48bb-9d08-492afbff6ee8,6179.18,0.5187,0.8872,0.14,3.3276,0,0.9787,0.9963,0.1822
a3ee91d6-2d60-4fbf-93c8-d1bf7c204a1f,17439.17,0.3683,0.3644,0.08,2.6233,1,0.9802,1.0921,0.1377
a3ff08b0-0dcd-409d-a086-e0e83ef5c76b,16430.21,0.3078,0.3528,0.05,4.4536,0,0.9813,0.6984,0.1297
a6a0ee28-d628-42bf-961f-970d9d715c4e,15101.66,0.3234,0.2195,0.12,2.8913,0,0.9836,0.8562,0.1117
a74baa70-d215-4f71-9dcc-bd08c0da51f1,4133.54,0.2718,0.639,0.19,3.3264,0,0.9817,1.1253,0.1386
a7c46146-d659-4ccc-8a6b-e2637b57f51b,27599.66,0.2236,0.3667,5.29,1.4631,29,0.9763,1.1295,0.1055
a7d71300-ab5c-40e1-ab5f-ea60575c40ba,15717.95,0.8484,0.769,2.06,1.7221,0,1.2619,4.092,0.1178
a7e090a5-b4d9-4935-af0c-064d8d38bbea,9765.21,0.4616,0.8967,0.25,2.4364,0,0.9723,0.7202,0.1725
a8768a0f-d656-4b04-a81f-5dea9b5f9924,6607.02,0.4334,0.2142,0.14,3.3492,0,0.9783,0.9564,0.1501
a8b5814c-7c74-47d7-bd7c-365571213b0a,9944.9,0.5476,0.5147,0.19,3.0732,0,0.9694,1.0668,0.174
a91cf72b-b684-46b7-936b-d8b875520d0a,5697.77,0.3447,0.2288,0.16,3.3966,0,0.9817,1.3278,0.1196
a9eb2a5d-e421-4bb6-ab1f-87c7cc3a91bf,4234.34,0.358,0.5958,0.04,3.8131,0,0.9744,1.051,0.1409
a9f1fcac-07a5-44f5-a887-c036ba821d33,12378.92,0.537,0.5855,0.37,2.7158,0,0.7276,0.9951,0.1613
aa0ac2b0-69e2-43b8-b87f-2293f933d83d,33340.69,0.2499,0.1438,7.99,1.4031,37,0.9793,1.1028,0.0844
aa438cf6-c730-4c79-a9df-aac849238d4c,5726.11,0.3329,0.3557,0.13,3.3427,0,0.9756,1.1098,0.0958
ae7d38c1-d825-4c5a-9e44-785775baa2d0,7257.83,0.4244,0.2602,0.24,2.97,0,0.979,0.8567,0.0927
af87d48d-a4de-4811-8168-4bd6f901015f,6080.85,0.3445,0.8959,0.23,2.9651,0,0.9822,0.739,0.16
aff35aed-783f-4a30-b45e-7e48a01463b9,16704.84,0.3058,0.8331,0.17,2.3542,0,0.9769,1.1384,0.0942
b0d2c17e-6ad5-44cb-94f0-b428c2ef7b3c,28557.36,0.3606,0.3191,0.12,2.4901,3,0.9817,0.6427,0.0848
b26802f1-b89f-4240-bec0-5364e411ae28,11025.99,0.5938,0.1069,0.11,3.146,0,1.8182,1.4632,0.1634
b2cf4b25-f969-4ee6-a782-530d8795fbea,7102.92,0.4977,0.4453,0.05,3.0871,0,1.9695,2.0633,0.0715
b2e08e37-88ec-4ba0-9bb5-69fcab200d4f,13606.86,0.4272,0.0643,0.07,3.4101,0,0.9767,1.2561,0.1224
b35a10cb-5567-49b2-8310-612402e34eba,17932.62,0.3869,0.7042,0.11,3.0413,0,0.9813,0.9097,0.1473
b373e8ed-6a43-4f93-8126-05dd61f62aa0,18033.79,0.3017,0.6134,0.09,3.1194,0,0.9786,0.807,0.1344
b37a7132-e6f5-4c31-8468-cbd382edd9fc,6462.46,0.3587,1.0354,0.14,2.6943,0,0.9799,0.6636,0.1208
b450bb9c-ced2-4811-b713-d13fdc5d5e20,36839.49,0.235,1.0065,3.43,1.5218,34,0.9769,1.0205,0.1002
b4a30231-aceb-47d5-a50c-3f509bbe2dd7,29294.74,0.7023,0.6917,0.87,1.8067,0,0.9833,2.8639,0.0718
b4e7c0d9-6401-429a-950a-7d6c76bfee40,12416.12,0.4796,1.3789,0.15,2.9813,0,0.976,0.8383,0.1365
b5070364-c43c-48c1-8def-829d7603b3a0,35666.11,0.6493,0.1434,0.87,1.8674,3,0.9778,2.338,0.0931
b69a19bb-33fa-49ed-bea0-c4dc7f9c2eab,14993.89,0.3426,0.3703,0.17,3.1962,0,0.9844,1.1892,0.1324
b741029a-09d1-4bd4-8474-4cbf40c38376,6800.01,0.4937,0.9871,0.06,2.718,0,0.9835,1.1823,0.0917
b752f6da-7118-46c6-b3c8-b4bf4b92ed48,8164.16,0.5794,0.8774,0.08,3.911,0,0.9742,1.1274,0.175
b7c2a433-4d73-4ad4-a6c8-1bbd7f050789,48235.33,0.2462,0.6777,1.39,1.6356,44,0.9849,1.0537,0.0864
b852f4c4-82f6-43de-a831-149f5d7d7847,15959.43,0.4707,0.3129,0.03,2.7922,0,0.9784,0.9145,0.0865
b95aab94-0d22-4eff-9ed6-664d5503c831,25920.02,0.8877,0.9794,1.53,1.6931,0,1.2712,4.0429,0.0813
b9bf3396-9e8a-444e-8dda-1d6019a67e75,5593.9,0.4617,0.4434,0.18,2.8694,0,0.9713,1.321,0.1381
bc465a22-8186-45e6-b63f-5065d662b385,8329.62,0.3789,1.1146,0.09,3.04,0,0.9813,1.3813,0.1071
bcbd4e42-74b1-4e12-810d-44b24e51bc3a,24957.77,0.7843,0.2332,1.0,1.823,0,1.2692,3.3866,0.086
bdac3a58-1105-4e63-8c8d-5b339619b870,13737.08,0.4313,1.0651,0.32,2.5216,1,0.7273,1.0716,0.1712
be773dac-8692-49ad-a96e-b376b2ca6b24,3519.75,0.4898,0.1895,0.38,2.813,0,0.977,0.6783,0.1416
be9f6471-d5fd-4dc3-9d68-07fa032289d7,16930.32,0.327,0.1713,0.12,3.1532,0,0.9794,0.971,0.0991
bf93431d-5397-4106-b714-0af6992bfbc1,6868.39,0.3015,1.1364,0.22,2.9383,0,0.9799,1.3671,0.1149
bf93e9e0-73e9-4f25-95aa-7dedaaf249fc,19356.1,0.2746,0.4592,0.1,3.3033,0,0.9775,0.7513,0.1132
c005bbd5-86a5-4b47-8b99-9b4c3fea8f52,12423.29,0.4032,0.2931,0.08,3.2043,0,0.9849,1.1944,0.1445
c039926e-7983-444e-9bfa-0f4c6a3eb982,22916.59,0.3326,0.4433,0.17,2.4168,1,0.9752,0.6988,0.1121
c0643026-15d5-4ab4-8d53-9c885851730c,12955.34,0.4745,0.285,0.1,3.1413,0,0.9825,1.3138,0.1789
c0b94406-dd2c-43b8-b48f-93575eca853e,12285.68,0.4342,0.9379,0.07,3.3426,0,0.9746,0.8423,0.099
c10634f0-064a-4ea2-9f56-39c53446b8f0,9118.01,0.4565,1.1058,0.17,3.1965,0,0.9762,0.7445,0.1094
c2330211-5664-452b-bcae-7406eafc133e,8614.94,0.6648,0.075,0.14,3.1817,0,1.6372,1.7435,0.1039
c336bcc4-cf68-4e2b-bb8f-9bf3e0542dd0,6001.41,0.3258,0.6197,0.1,3.2479,0,0.9836,0.4401,0.1048
c36e22ef-6bfd-4931-ac94-f8625729bb03,12563.61,0.3848,1.082,0.06,3.1638,0,0.9838,0.7205,0.1206
c37dda3a-048d-4686-a130-cbcdfbf17bee,19320.66,0.4291,0.2063,0.07,3.622,0,0.9809,0.6734,0.1176
c4616690-d41f-43ca-8e8f-4144c9666ca0,11451.19,0.2915,0.6131,0.13,3.2965,0,0.9767,0.6892,0.1346
c4ae4b76-0c53-4ecb-97b1-34d0f7354c5c,11809.08,0.6811,0.7881,0.19,2.63,0,0.9801,0.9053,0.1803
c5436986-e575-4550-878a-96a35fad67db,15736.72,0.4134,0.7226,0.12,3.2566,0,0.9794,1.5081,0.1154
c5447b55-d988-44ef-9756-c7326a8e96e9,5421.56,0.4822,0.4656,0.15,2.8697,0,0.9806,0.9373,0.1366
c6197abe-387c-4ded-b087-df984031eeca,11926.08,0.6127,0.1284,0.07,3.4442,0,0.9741,0.9342,0.1226
c72e6d2a-df11-4df7-8daf-7cad3887db7c,18641.68,0.3185,0.7626,0.15,3.25,0,0.975,0.8028,0.1127
c75dcaa5-9b7c-4280-86f7-bce7bb38b02a,11269.63,0.4094,0.1869,0.03,3.4312,0,0.9808,0.7501,0.1269
c7b0ff26-1e3e-441b-a988-cc6d9bcf91a7,10608.84,0.3271,0.4509,0.09,3.0595,0,1.7011,0.9969,0.0956
c836267e-54fa-4ef4-b307-69fd3cda2049,15529.78,0.3011,0.807,0.05,3.8471,0,0.9823,0.7615,0.1046
c92d84c0-1d09-4e34-8fa6-593410e01b59,14554.47,0.4344,0.3663,0.08,3.1019,0,0.9765,1.0963,0.1906
ca8ac2d7-5d48-46e9-94c5-08b3534e874b,5448.59,0.5164,0.6523,0.1,2.8615,0,0.9823,0.8625,0.1291
ca9c76ba-5371-4a44-9553-b0b9e57968af,6397.03,0.5239,0.2641,0.03,3.8672,0,0.9733,0.7909,0.1937
caf980ee-39e1-40ea-8259-f87700e77018,15407.58,0.4508,0.5294,0.13,2.6738,0,0.7283,0.8558,0.1204
cb256a02-8c52-4fb5-8220-80e7d2e5c60c,12867.69,0.2861,0.4866,0.09,3.0725,0,0.9817,0.9843,0.1056
cbcd2eb2-edaa-4f51-9506-7ede5b055799,12402.7,0.4279,0.4636,0.08,3.3014,0,0.7335,0.7457,0.11
cc663610-f349-48f6-9460-e406dbeec16f,22627.6,0.9422,0.3703,1.94,1.5273,0,1.2667,5.1557,0.0804
cd62e173-67de-40db-a93d-f1ef6e772597,13212.98,0.335,0.6805,0.25,2.6745,1,0.9833,2.368,0.1633
ce21c0a5-dfef-4d17-b561-2dee5dfff137,16982.97,0.4045,0.1901,0.12,3.0114,0,0.9794,1.0535,0.1192
ceec7fae-d3f9-4028-a1a6-57f6adcee945,24822.95,0.3108,0.0736,0.13,3.1281,0,0.9774,1.0593,0.0939
cfe2fc1a-64ae-42fc-bca4-4fba256919d7,19318.59,0.3474,1.0568,0.29,2.6243,0,0.9755,0.549,0.1404
d030e685-09f7-4e7e-98c4-609c1702e897,11694.87,0.4955,0.1963,0.04,3.48,0,0.9831,0.5567,0.1388
d0355e7a-8fda-4189-b8b5-c8e1de9b13e6,23117.23,0.3092,0.6608,0.11,2.7673,2,0.9793,1.0875,0.0879
d087e32d-21fd-4475-b9e5-8b6fbd156cf2,10555.9,0.6472,0.5939,0.06,3.3328,0,1.9418,2.1123,0.0988
d0a3c022-3baa-4ced-9b68-2cbc70724095,7266.1,0.6105,1.1371,0.16,2.6,0,0.9763,0.9652,0.1517
d0c6cb8d-1cd3-408b-af6c-8a6fc94c16a8,14263.29,0.2584,0.9664,0.24,2.6873,0,0.9759,1.1595,0.1236
d0dfc9d5-0f2f-4283-8f29-aa5588ee1f7e,16863.35,0.3133,0.1388,0.07,2.8904,0,0.9799,1.3962,0.1156
d1db33a0-47f1-4f48-9e39-c4ea9b68ac79,12793.86,0.4631,0.7309,0.16,3.1667,0,0.9839,1.2193,0.1184
d1e97458-cb65-451d-9d1e-f6af302568eb,8613.3,0.4597,1.113,0.11,3.2952,0,0.9783,1.0371,0.2345
d1ef2ec4-9a06-4c4d-a451-26fa9eccadae,6465.4,0.3428,0.581,0.05,3.0913,0,0.9801,0.8418,0.0904
d32fbe9c-8ea0-4a4d-9495-166c34687ee9,18760.92,0.4181,0.9094,0.19,2.6673,0,0.9771,1.2108,0.1371
d35610b7-3791-4938-a4a4-c012a2a905fa,19015.77,0.401,0.4873,0.06,3.3833,0,0.9767,1.2227,0.1207
d35e12ec-5da0-476b-918d-f4e9aba2f52a,18036.02,0.2785,0.1789,0.09,2.5972,0,0.9808,1.1842,0.0915
d5a9ef3c-3c9b-4907-b8ba-67f132295767,19730.92,0.3661,0.399,0.15,2.6255,0,0.9786,1.0783,0.0969
d5d91477-5e1f-4654-8f5b-2677072c98c6,24918.92,0.5472,0.9189,0.15,3.0171,1,0.9776,0.9534,0.1073
d604a8e5-ae8d-4886-a51c-88724f3e969a,7332.82,0.3884,1.2238,0.18,2.9945,0,0.98,1.0627,0.1222
d612e73c-455e-4e4e-8cf8-04c0b3c86a43,8952.18,0.3884,0.993,0.09,3.0733,0,0.9743,0.8276,0.1547
d6540f97-b8c6-4cb4-b649-1925b965c952,3086.06,0.356,0.3847,0.28,3.3511,0,0.977,1.0374,0.1525
d660e9c5-4dc1-40cf-8851-6333871bdac5,7612.99,0.5664,1.1897,0.14,2.8444,0,0.9752,1.065,0.1166
d6c1e1b1-ffde-491b-b5d0-f6cfecf0ba36,18951.53,0.5294,0.6196,0.05,3.459,0,0.9771,1.1349,0.1177
d70cb30c-7aa6-4614-b9d8-4a01aa6061c4,7301.34,0.5206,0.1789,0.09,3.412,0,0.9713,1.1557,0.1685
d74fefbf-c55b-439c-8103-abbadc6cfee4,11372.07,0.5421,0.5903,0.01,3.6529,0,0.9794,0.979,0.1549
d7d8f857-eb78-4213-af28-21713555eef3,20433.86,1.1811,0.6929,2.75,1.5902,0,1.268,6.0188,0.09
d80238e7-c09c-4d7e-a28a-33ffcdcaa4ac,12632.11,0.407,0.6578,0.29,2.8306,0,0.9702,0.586,0.1839
d874c1e9-7ed2-4f54-8baa-d33afa2e5ab3,7613.86,0.4133,0.4042,0.21,3.1651,0,0.981,0.8052,0.175
d88a5407-7b2f-46e6-b2c3-340c3fd7131d,19904.95,0.739,0.8197,1.2,1.8698,2,0.9798,3.4533,0.0961
d8b425c2-c164-4280-8c53-f6dfd16e4184,18692.96,0.3555,1.0352,0.08,2.9371,0,0.9796,1.6614,0.1434
d93338c3-c47e-442a-b26a-9c4fa04a1e1c,18304.44,0.4142,0.7001,0.12,3.3971,2,0.9741,1.0488,0.1404
d9c2aba5-0190-4b52-97cf-59bbcb4526f9,17472.97,0.4214,0.6133,0.1,2.8442,0,0.9821,1.0613,0.0859
d9d81476-3f67-4622-b6d4-8a97ce0392e3,11231.48,0.3648,0.9668,0.3,2.3254,0,0.9742,1.3889,0.157
dbdc5a5d-1e94-45a8-a4af-3ed4cdee5f6c,3371.62,0.4911,0.5833,0.22,3.17,0,0.9753,0.9671,0.1578
dc4f7a93-20cb-4d42-86de-4fda9aa165f8,13967.32,0.6111,0.9011,0.03,3.1596,0,0.9754,0.9075,0.1298
dc917911-d275-4d83-8c92-617692f53789,10395.2,0.3727,0.5362,0.06,3.9772,0,0.9828,1.1261,0.1466
dd0eb3dc-ac01-40e3-bd5e-08bf5ee7f121,12379.05,0.3623,0.066,0.06,2.8019,0,1.7833,1.0333,0.0817
dd2b6227-8664-4fa3-94f0-04de4b23150d,8727.16,0.568,0.3558,0.19,3.3262,0,0.9718,1.2992,0.2012
de2bf798-9f4a-4cd9-9757-4a3f4787573c,23096.87,0.3345,0.3921,0.06,3.1408,1,0.9781,1.2867,0.1033
dec69839-5625-4fab-a6da-bd35ce21e1e1,4875.44,0.4241,0.3313,0.13,3.3089,0,0.9766,0.9103,0.0946
dedf874b-2388-4b3f-972c-ef717f135f27,11428.79,0.4324,0.7136,0.17,2.3903,0,0.9767,0.8967,0.1363
defcd9d3-6935-420c-87ee-2b1cf52ebd66,13049.46,0.8496,0.7823,0.27,2.6559,0,0.9706,0.9433,0.2027
df3fc89d-0757-4878-9a62-23b3b78e4134,12217.44,1.2522,0.1962,4.56,1.1927,0,1.2595,6.6589,0.0859
df4ed8d4-c176-411c-a753-af3602fc3afc,7039.22,0.4618,0.3115,0.11,2.5047,0,0.981,1.096,0.1275
df6135cb-8779-44ed-bd01-ce65e4dfa93e,18003.32,0.4033,0.3098,0.32,2.308,2,0.9727,3.5058,0.1737
dfbcb554-9ebe-4317-9b04-788bd01f787a,8052.09,0.3414,0.6628,0.11,3.0481,0,0.9837,1.4599,0.1237
e09bb908-653a-4c85-8a8a-b653b63cb844,7551.87,0.4796,1.01,0.07,3.4918,0,0.9848,0.9189,0.1664
e23129c2-8bdf-4550-9299-028d1a9766ac,3448.79,0.3699,1.1316,0.06,3.7374,0,0.975,1.3453,0.1453
e36e3696-136e-4522-85a1-b5e908c18646,12732.49,0.3495,0.3987,0.14,3.5772,0,0.9787,0.9582,0.1327
e3721334-16dd-4f1f-98cd-60b00f033190,13591.12,0.4815,0.6098,0.05,3.5051,0,0.9778,0.8832,0.1106
e3c21f07-c9df-43a0-b3df-7f158558ff28,20945.3,0.4255,0.6613,0.05,3.0525,0,0.9773,1.0116,0.107
e3dd6e5e-cdcb-4e85-8ea0-90d1f1228c47,3476.9,0.3803,0.6089,0.23,3.6677,0,0.971,1.0809,0.1419
e4481a9d-da4b-4f12-be95-923abd0c51b0,14319.46,0.4784,0.3225,0.05,3.4058,1,0.973,1.2203,0.1433
e46b3736-3948-46a8-a0cf-635cdcc15861,10198.09,0.365,0.5259,0.23,2.8872,0,0.6871,0.9522,0.1229
e52519a5-8f86-41bb-bc2c-2568ef0e44d3,8804.98,0.7315,1.2146,0.07,3.2939,0,0.9759,0.7353,0.2078
e675c82e-891a-4318-a783-56e4e3f832f3,4165.48,0.5628,1.056,0.15,3.5705,0,0.9762,1.1119,0.2425
e72893b1-2bef-4d56-ab37-2a66c0b30a5e,15233.52,0.3904,0.4038,0.1,3.6884,1,0.9811,0.9579,0.127
e8049cc7-c5c6-40d0-9d1a-fa98b10ea85b,8793.2,0.437,0.7881,0.13,3.2992,0,0.9845,0.8954,0.1301
e882c7d2-2e04-4492-82de-944db6573eab,13923.04,0.5519,0.7605,0.16,2.9815,0,0.973,0.9368,0.1676
ea6e7d57-5bac-4e77-a674-6bca69252b5d,18056.73,0.6448,0.345,0.44,2.1081,1,0.9739,2.8525,0.1437
eb264084-e61d-45ec-b521-c93e6f45a257,17910.73,0.3916,1.1208,0.16,2.7901,0,0.9825,1.0137,0.1309
eb2d0401-d30a-483d-a7c1-f7ac9fe63735,12578.59,0.4459,0.8622,0.14,3.3975,0,0.9765,1.1219,0.1472
ebb2c062-031e-45dc-8c88-26611525456a,8956.18,0.3791,0.5266,0.07,3.0472,0,0.9841,1.531,0.1196
ecd79f17-db85-4f90-aa3e-b0bb5ecb5749,12654.26,0.3331,0.4085,0.11,2.8613,0,0.9727,0.8016,0.1711
ed138395-986a-4995-8a4f-757e67553498,11262.52,0.3507,0.2366,0.04,3.0688,0,0.9787,0.9447,0.1041
edacfb1d-7174-44f9-b6ce-c846c5bb3623,3935.96,0.3935,0.5915,0.2,3.2898,0,0.9735,1.0115,0.1434
ee359899-5ed0-4d01-ac2a-bb92edfec249,9125.56,0.3664,1.1712,0.03,3.8142,0,0.9837,1.1132,0.1202
eeff9dd7-cdb5-44f8-93dd-7566b0dceb01,17110.76,0.2659,0.6684,0.2,2.3261,1,0.9796,0.9109,0.1545
ef540129-4992-4ce2-b15f-51bc31fb5603,9334.27,0.5914,0.4949,0.16,2.9106,0,0.9854,1.0026,0.1777
efd31058-f70b-42fa-bf6b-bdf8e40392d8,9318.55,0.2259,0.3755,0.11,2.9005,0,0.9792,0.8935,0.092
f0012860-4803-49be-9675-e4c2d3e033dc,7824.32,0.3779,0.4944,0.11,2.859,0,0.9838,1.2799,0.186
f0f1659f-72be-485d-a2e4-cc0a803c6146,5343.05,0.3011,0.9802,0.14,3.1705,0,0.7625,0.7895,0.1014
f174c0bc-4f84-4357-a678-a5d94028b7f4,4434.06,0.333,0.3686,0.21,2.4464,0,0.9737,0.6171,0.114
f21fcbc7-653c-47f3-8a6b-cf8972d22477,40218.77,0.2212,0.0944,0.95,1.6297,33,0.9767,0.7437,0.0942
f28f4bed-8aa5-460c-9520-bbdb5acbe051,10342.51,0.3394,0.7199,0.12,2.3673,0,0.9786,1.0278,0.1093
f32a6d86-ddfc-4bab-9529-6475960c11c0,19413.49,0.4294,0.6423,0.07,3.2797,0,0.9828,0.7694,0.1145
f349985c-6b98-4837-8f6e-a37b0f8c0b3d,40883.24,0.257,0.2528,6.83,1.4303,44,0.9761,1.0786,0.0762
f3682e19-b5f4-471b-84c4-0ebbe4930c67,4168.31,0.3424,1.6972,0.14,3.0284,0,0.9783,0.8634,0.1241
f3f77e4d-68dc-49a5-96f3-f0dfd4f3d171,8919.25,0.5108,0.9318,0.18,2.7937,0,0.9717,0.9839,0.189
f414e51c-988d-45a5-9c40-35d6ea75f0cf,14718.32,1.1873,0.4652,2.15,1.913,0,1.2566,5.0142,0.1374
f43f12ec-51fe-4620-8513-50ea5a76b94c,26336.8,0.2807,0.326,0.05,2.6581,0,0.9777,0.8283,0.0995
f489874d-5707-480c-8b82-c15bca69e203,5968.14,0.4441,0.3992,0.16,2.7999,0,0.9832,1.1967,0.1471
f501f6b5-6498-4769-be7a-7e743111e150,10618.01,0.5205,0.196,0.03,3.4876,0,0.984,0.8933,0.2197
f5996951-f56a-44b2-88a8-001cec9f03a7,12382.13,0.3815,0.3141,0.17,2.9817,0,0.9822,1.2174,0.0972
f5ac8e58-ebe3-454b-8fe7-96ae69c856b1,15732.71,1.349,0.8544,8.97,0.9545,0,1.2548,9.0926,0.0692
f609e56c-86d5-48ab-8bc3-5871f9c99169,14715.8,0.3126,0.4641,0.05,2.8539,0,0.9819,1.0733,0.0808
f6c7b636-a488-4fd7-9b1c-47a0e3b3ecfd,16604.02,0.3754,0.1116,0.05,4.1559,0,0.9794,0.9206,0.1402
f6cdc648-27bd-408e-bb3f-bf4e9637efab,15084.35,0.2484,0.4322,0.1,3.3137,0,0.9761,0.7594,0.1317
f6f92217-6183-45d6-a8fb-cc1b8f53fe12,7567.66,0.4924,0.2339,0.15,2.7636,0,0.9783,0.7079,0.1325
f70962fb-2c48-4f9a-8dae-adf383bdac93,8668.01,0.5644,0.8306,0.11,2.9401,0,0.981,0.5588,0.1587
f7918d67-9738-42d0-92b1-47cdf0060120,17716.35,0.3966,1.5807,0.08,2.9966,1,0.9735,0.5112,0.1356
f7f8ce4a-2646-46a9-b41d-d52c9d5ffeca,8258.3,0.3881,0.6818,0.16,2.8109,0,0.9803,0.8023,0.12
f7fdfeb2-fa19-4072-a004-44f252a68b3e,4018.01,0.3907,0.7578,0.1,3.1579,0,0.7267,1.0208,0.1419
f96f9275-9ae6-43b8-8d96-da3e2680f5b2,13091.28,0.3619,0.561,0.03,2.8285,0,0.9781,1.1763,0.1115
f9e39d43-2e98-4356-895b-bca86b98dc74,15144.63,0.3888,0.1699,0.18,2.5807,0,2.0273,1.1543,0.0863
fab3b28b-1158-4b10-8560-3c342ccc270e,12135.58,0.5485,1.0433,0.24,2.6069,0,0.9833,0.726,0.125
fac43876-d6b8-4280-a3a8-be420d17db94,8631.22,0.2436,0.2797,0.13,2.7102,0,0.9767,1.3224,0.0886
fbaeb791-c43f-42a5-b049-b54efc868e16,7647.31,0.4333,0.5786,0.05,3.2274,0,0.9767,1.2494,0.0873
fbb15c8f-5b4f-45e2-aa1d-5eaea776121b,19214.31,0.4351,1.0217,0.14,2.9606,0,0.9746,0.9918,0.1252
fd4faaf3-5451-4a58-aa7d-e385dcff27a6,11262.84,0.2968,0.4178,0.28,2.0922,0,0.9798,0.841,0.1571
fd948d58-0fd7-48a8-8e24-967b76b57393,12067.0,0.3376,0.3764,0.05,3.2444,0,0.9796,0.9952,0.1153
fdaffadb-442b-4bde-b7db-f0a1134e66e0,10043.07,0.4822,1.0997,0.16,2.6621,0,0.7117,1.0227,0.1777
fdeaef76-7ea8-4c3e-b932-925c4b9f004c,7808.13,0.2767,1.2879,0.18,2.8409,0,0.9791,0.6059,0.1109
fea79839-048b-44d0-91c3-b7c6e262a3c9,14819.79,0.5455,0.6894,0.13,2.9384,0,0.9755,1.0787,0.1514
ff112cde-ee53-4cf9-992f-4daaca5e63f1,15175.73,0.6485,0.4587,0.49,2.131,0,0.9832,1.6446,0.2219
ff8c5c12-80b5-4248-acac-493c64660ba7,15112.24,0.465,0.943,0.3,2.3703,0,0.9739,0.8129,0.135
